citation_key,role,title_in_bibliography,authors_in_bibliography,year_in_bibliography,doi_in_bibliography,chapter_locations,ledger_rows,ledger_verification_record,researcher_read_record,verification_this_audit,source_location,checked_passage,remaining_check,bibliography_key_exists
Ji2023,active Bab I-III,"A Survey on Deep Learning for Symbolic Music Generation: Representations, Algorithms, Evaluations, and Challenges",Shulei Ji and Xinyu Yang and Jing Luo,2023,,docs/final-thesis/thesis/chapters/02-tinjauan-pustaka.tex:9,Ji2023,Not verified in v3 preparation,Not recorded,Not reverified in this audit,https://doi.org/10.1145/3597493,,"Verify sentence-level claim and precise edition/page; ledger statements are prior records, not verification from this audit.",True
Retkowski2024,active Bab I-III,Frechet Music Distance: A Metric For Generative Symbolic Music Evaluation,Jan Retkowski and Jakub Stepniak and Mateusz Modrzejewski,2024,,docs/final-thesis/thesis/chapters/01-pendahuluan.tex:13 | docs/final-thesis/thesis/chapters/02-tinjauan-pustaka.tex:27,Retkowski2024,Not verified in v3 preparation,Not recorded,Not reverified in this audit,https://doi.org/10.48550/arXiv.2412.07948,,"Verify sentence-level claim and precise edition/page; ledger statements are prior records, not verification from this audit.",True
araneda2023,active Bab I-III,MUSIB: musical score inpainting benchmark,"Araneda-Hernandez, Mauricio and Bravo-Márquez, Felipe and Parra, Denis and Cádiz, Rodrigo F.",2023,10.1186/s13636-023-00279-6,docs/final-thesis/thesis/chapters/02-tinjauan-pustaka.tex:11 | docs/final-thesis/thesis/chapters/02-tinjauan-pustaka.tex:29 | docs/final-thesis/thesis/chapters/03-metode-penelitian.tex:167,,,,Not reverified in this audit,https://doi.org/10.1186/s13636-023-00279-6,,"Verify sentence-level claim and precise edition/page; ledger statements are prior records, not verification from this audit.",True
carnovalini2020,active Bab I-III,Computational Creativity and Music Generation Systems: An Introduction to the State of the Art,"Carnovalini, Filippo and Rodà, Antonio",2020,10.3389/frai.2020.00014,docs/final-thesis/thesis/chapters/02-tinjauan-pustaka.tex:7,,,,Not reverified in this audit,https://doi.org/10.3389/frai.2020.00014,,"Verify sentence-level claim and precise edition/page; ledger statements are prior records, not verification from this audit.",True
choi2023,candidate already in bibliography,Teaching chorale generation model to avoid parallel motions,"Choi, Eunjeong and Kim, Hyosung and Nam, Juhan and Jeong, Dasaem",2023,,,choi2023,Not verified in v3 preparation,Not recorded,Original paper downloaded and relevant passages read,https://zenodo.org/records/10112462,"Title page; Sections 4.3-4.4, printed pp.192-194",Correct authors to Eunjin Choi and Hyerin Kim. Distribution metrics differ from per-measure rule counts; currently a candidate citation.,True
civit2022,active Bab I-III,"A systematic review of artificial intelligence-based music generation: Scope, applications, and future trends","Civit, Miguel and Civit-Masot, Javier and Cuadrado, Francisco and Escalona, María José",2022,10.1016/j.eswa.2022.118190,docs/final-thesis/thesis/chapters/01-pendahuluan.tex:5 | docs/final-thesis/thesis/chapters/02-tinjauan-pustaka.tex:7,,,,Not reverified in this audit,https://doi.org/10.1016/j.eswa.2022.118190,,"Verify sentence-level claim and precise edition/page; ledger statements are prior records, not verification from this audit.",True
cohen1988,active Bab I-III,Statistical Power Analysis for the Behavioral Sciences,"Cohen, Jacob",1988,,docs/final-thesis/thesis/chapters/03-metode-penelitian.tex:44,cohen1988,Standard reference; book not opened,Not recorded,Not reverified in this audit,,,"Verify sentence-level claim and precise edition/page; ledger statements are prior records, not verification from this audit.",True
conditschultz2018,active Bab I-III,A Flexible Approach to Automated Harmonic Analysis: Multiple Annotations of Chorales by Bach and Prætorius,"Condit-Schultz, Nathaniel and Ju, Yaolong and Fujinaga, Ichiro",2018,10.5281/zenodo.1492344,docs/final-thesis/thesis/chapters/01-pendahuluan.tex:19 | docs/final-thesis/thesis/chapters/02-tinjauan-pustaka.tex:49 | docs/final-thesis/thesis/chapters/02-tinjauan-pustaka.tex:89,,,,Not reverified in this audit,https://doi.org/10.5281/zenodo.1492344,,"Verify sentence-level claim and precise edition/page; ledger statements are prior records, not verification from this audit.",True
creswell2018,active Bab I-III,"Research Design: Qualitative, Quantitative, and Mixed Methods Approaches","Creswell, John W. and Creswell, J. David",2018,,docs/final-thesis/thesis/chapters/02-tinjauan-pustaka.tex:73 | docs/final-thesis/thesis/chapters/03-metode-penelitian.tex:5,,,,Not reverified in this audit,,,"Verify sentence-level claim and precise edition/page; ledger statements are prior records, not verification from this audit.",True
cuthbert2010,active Bab I-III,music21: A toolkit for computer-aided musicology and symbolic music data,"Cuthbert, Michael Scott and Ariza, Christopher",2010,,docs/final-thesis/thesis/chapters/01-pendahuluan.tex:15 | docs/final-thesis/thesis/chapters/02-tinjauan-pustaka.tex:37 | docs/final-thesis/thesis/chapters/03-metode-penelitian.tex:31 | docs/final-thesis/thesis/chapters/03-metode-penelitian.tex:78,cuthbert2010,Not verified in v3 preparation,Not recorded,Not reverified in this audit,,,"Verify sentence-level claim and precise edition/page; ledger statements are prior records, not verification from this audit.",True
dong2018,active Bab I-III,MuseGAN: Multi-track Sequential Generative Adversarial Networks for Symbolic Music Generation and Accompaniment,"Dong, Hao-Wen and Hsiao, Wen-Yi and Yang, Li-Chia and Yang, Yi-Hsuan",2018,10.1609/aaai.v32i1.11312,docs/final-thesis/thesis/chapters/02-tinjauan-pustaka.tex:11 | docs/final-thesis/thesis/chapters/02-tinjauan-pustaka.tex:27,,,,Not reverified in this audit,https://doi.org/10.1609/aaai.v32i1.11312,,"Verify sentence-level claim and precise edition/page; ledger statements are prior records, not verification from this audit.",True
dong2020,active Bab I-III,MusPy: A toolkit for symbolic music generation,"Dong, Hao-Wen and Chen, Ke and McAuley, Julian and Berg-Kirkpatrick, Taylor",2020,,docs/final-thesis/thesis/chapters/02-tinjauan-pustaka.tex:37,dong2020,Not verified in v3 preparation,Not recorded,"Original paper, relevant passages",https://archives.ismir.net/ismir2020/paper/000187.pdf,Title page authors and Section 3.1 symbolic formats,MusPy is a toolkit; its existence does not validate this instrument.,True
dwyer2009,active Bab I-III,The Space Between: On Being an Insider-Outsider in Qualitative Research,"Dwyer, Sonya Corbin and Buckle, Jennifer L.",2009,10.1177/160940690900800105,docs/final-thesis/thesis/chapters/03-metode-penelitian.tex:17,,,,Not reverified in this audit,https://doi.org/10.1177/160940690900800105,,"Verify sentence-level claim and precise edition/page; ledger statements are prior records, not verification from this audit.",True
fang2020,active Bab I-III,Bach or Mock? A Grading Function for Chorales in the Style of J.S. Bach,"Fang, Alexander and Liu, Alisa and Seetharaman, Prem and Pardo, Bryan",2020,,docs/final-thesis/thesis/chapters/02-tinjauan-pustaka.tex:31 | docs/final-thesis/thesis/chapters/02-tinjauan-pustaka.tex:37,fang2020 | fang2020-original-grading,Assistant inspected original paper | Assistant inspected original full text 2026-10-01,Not recorded,Not reverified in this audit,,,"Verify sentence-level claim and precise edition/page; ledger statements are prior records, not verification from this audit.",True
ghoshal2026,active Bab I-III,"Fusing memory and attention: A study on LSTM, transformer and hybrid architectures for symbolic music generation","Ghoshal, Soudeep and Chakraborty, Sandipan and Chowdhury, Pradipto and Buckchash, Himanshu",2026,,docs/final-thesis/thesis/chapters/02-tinjauan-pustaka.tex:13,ghoshal2026,Not verified in v3 preparation,Not recorded,Not reverified in this audit,,,"Verify sentence-level claim and precise edition/page; ledger statements are prior records, not verification from this audit.",True
hadjeres2017,active Bab I-III,DeepBach: a steerable model for Bach chorales generation,"Hadjeres, Ga\""etan and Pachet, Fran\ccois and Nielsen, Frank",2017,,docs/final-thesis/thesis/chapters/01-pendahuluan.tex:7 | docs/final-thesis/thesis/chapters/01-pendahuluan.tex:11 | docs/final-thesis/thesis/chapters/01-pendahuluan.tex:11 | docs/final-thesis/thesis/chapters/01-pendahuluan.tex:13 | docs/final-thesis/thesis/chapters/01-pendahuluan.tex:15 | docs/final-thesis/thesis/chapters/01-pendahuluan.tex:27 | docs/final-thesis/thesis/chapters/02-tinjauan-pustaka.tex:17 | docs/final-thesis/thesis/chapters/02-tinjauan-pustaka.tex:65 | docs/final-thesis/thesis/chapters/03-metode-penelitian.tex:23,hadjeres2017 | hadjeres2017-eval | hadjeres2017-fixed-voices,Assistant verified publication page/abstract | Assistant read full arXiv text 2026-09-30 | Assistant inspected original PMLR PDF 2026-10-01,Not recorded,"Original paper, relevant passages",https://proceedings.mlr.press/v70/hadjeres17a/hadjeres17a.pdf,Sections 2.3.2 and 3.1; fixed-voice generation and comparison task,Checkpoint-specific split remains unknown; manuscript page references should match edition.,True
hadjeres2020,active Bab I-III,"Anticipation-RNN: enforcing unary constraints in sequence generation, with application to interactive music generation","Hadjeres, Gaëtan and Nielsen, Frank",2020,10.1007/s00521-018-3868-4,docs/final-thesis/thesis/chapters/02-tinjauan-pustaka.tex:17,,,,Not reverified in this audit,https://doi.org/10.1007/s00521-018-3868-4,,"Verify sentence-level claim and precise edition/page; ledger statements are prior records, not verification from this audit.",True
harrison2020consonance,active Bab I-III,Simultaneous consonance in music perception and composition,"Harrison, Peter M. C. and Pearce, Marcus Thomas",2020,10.1037/rev0000169,docs/final-thesis/thesis/chapters/02-tinjauan-pustaka.tex:93,harrison2020,Not verified in v3 preparation,Not recorded,Not reverified in this audit,https://doi.org/10.1037/rev0000169,,"Verify sentence-level claim and precise edition/page; ledger statements are prior records, not verification from this audit.",True
herremans2026,active Bab I-III,Aligning Generative Music AI with Human Preferences: Methods and Challenges,"Herremans, Dorien and Roy, Abhinaba",2026,10.1609/aaai.v40i46.41323,docs/final-thesis/thesis/chapters/02-tinjauan-pustaka.tex:29,,,,Not reverified in this audit,https://doi.org/10.1609/aaai.v40i46.41323,,"Verify sentence-level claim and precise edition/page; ledger statements are prior records, not verification from this audit.",True
hodges1956,active Bab I-III,The Efficiency of Some Nonparametric Competitors of the $t$-Test,"Hodges, J. L. and Lehmann, E. L.",1956,10.1214/aoms/1177728261,docs/final-thesis/thesis/chapters/03-metode-penelitian.tex:44,hodges1956,Assistant verified Crossref metadata 2026-10-02; article not opened,Not recorded,Not reverified in this audit,https://doi.org/10.1214/aoms/1177728261,,"Verify sentence-level claim and precise edition/page; ledger statements are prior records, not verification from this audit.",True
holmes2020,active Bab I-III,Researcher Positionality -- A Consideration of Its Influence and Place in Qualitative Research -- A New Researcher Guide,"Holmes, Andrew Gary Darwin",2020,10.34293/education.v8i4.3232,docs/final-thesis/thesis/chapters/03-metode-penelitian.tex:17,,,,Not reverified in this audit,https://doi.org/10.34293/education.v8i4.3232,,"Verify sentence-level claim and precise edition/page; ledger statements are prior records, not verification from this audit.",True
hsiao2021,active Bab I-III,Compound word transformer: Learning to compose full-song music over dynamic directed hypergraphs,"Hsiao, Wen-Yi and Liu, Jen-Yu and Yeh, Yin-Cheng and Yang, Yi-Hsuan",2021,,docs/final-thesis/thesis/chapters/02-tinjauan-pustaka.tex:9,hsiao2021,Not verified in v3 preparation,Not recorded,Not reverified in this audit,,,"Verify sentence-level claim and precise edition/page; ledger statements are prior records, not verification from this audit.",True
huang2017,active Bab I-III,Counterpoint by convolution,"Huang, Cheng-Zhi Anna and Cooijmans, Tim and Roberts, Adam and Courville, Aaron and Eck, Douglas",2017,,docs/final-thesis/thesis/chapters/01-pendahuluan.tex:11 | docs/final-thesis/thesis/chapters/01-pendahuluan.tex:11 | docs/final-thesis/thesis/chapters/01-pendahuluan.tex:13 | docs/final-thesis/thesis/chapters/01-pendahuluan.tex:27 | docs/final-thesis/thesis/chapters/02-tinjauan-pustaka.tex:19 | docs/final-thesis/thesis/chapters/02-tinjauan-pustaka.tex:65 | docs/final-thesis/thesis/chapters/03-metode-penelitian.tex:23,huang2017,Assistant inspected original paper,Not recorded,"Original paper, relevant passages",https://archives.ismir.net/ismir2017/paper/000187.pdf,Coconet blocked Gibbs / orderless conditional generation,Paper capability does not prove the installed checkpoint or adapter runs.,True
huang2019,active Bab I-III,The Bach Doodle: Approachable Music Composition with Machine Learning at Scale,"Huang, Cheng-Zhi Anna and Hawthorne, Curtis and Roberts, Adam and Dinculescu, Monica and Wexler, James and Hong, Leon and Howcroft, Jacob",2019,,docs/final-thesis/thesis/chapters/01-pendahuluan.tex:7 | docs/final-thesis/thesis/chapters/01-pendahuluan.tex:15 | docs/final-thesis/thesis/chapters/01-pendahuluan.tex:15 | docs/final-thesis/thesis/chapters/01-pendahuluan.tex:17 | docs/final-thesis/thesis/chapters/01-pendahuluan.tex:21 | docs/final-thesis/thesis/chapters/01-pendahuluan.tex:21 | docs/final-thesis/thesis/chapters/01-pendahuluan.tex:27 | docs/final-thesis/thesis/chapters/02-tinjauan-pustaka.tex:19 | docs/final-thesis/thesis/chapters/02-tinjauan-pustaka.tex:35 | docs/final-thesis/thesis/chapters/02-tinjauan-pustaka.tex:37 | docs/final-thesis/thesis/chapters/02-tinjauan-pustaka.tex:55 | docs/final-thesis/thesis/chapters/02-tinjauan-pustaka.tex:67 | docs/final-thesis/thesis/chapters/02-tinjauan-pustaka.tex:87 | docs/final-thesis/thesis/chapters/02-tinjauan-pustaka.tex:91 | docs/final-thesis/thesis/chapters/02-tinjauan-pustaka.tex:115 | docs/final-thesis/thesis/chapters/03-metode-penelitian.tex:9 | docs/final-thesis/thesis/chapters/03-metode-penelitian.tex:70 | docs/final-thesis/thesis/chapters/03-metode-penelitian.tex:126 | docs/final-thesis/thesis/chapters/03-metode-penelitian.tex:136 | docs/final-thesis/thesis/chapters/03-metode-penelitian.tex:146 | docs/final-thesis/thesis/chapters/03-metode-penelitian.tex:163,huang2019 | huang2019-ood-6.3,Assistant read full arXiv v1 text 2026-09-30 | Assistant read §6.3 in full arXiv v1 PDF text 2026-10-02,Not recorded,"Original paper, relevant passages",https://arxiv.org/html/1907.06637,"Section 6.3; P5/P8, user-input thresholds and observational outcomes",Do not equate Strube origin with outside-range input; counts not directly interchangeable with local instrument.,True
huang2020contest,active Bab I-III,AI song contest: Human-AI co-creation in songwriting,"Huang, Cheng-Zhi Anna and Koops, Hendrik Vincent and Newton-Rex, Ed and Dinculescu, Monica and Cai, Carrie Jun",2020,10.5281/zenodo.4245530,docs/final-thesis/thesis/chapters/02-tinjauan-pustaka.tex:41,,,,Not reverified in this audit,https://doi.org/10.5281/zenodo.4245530,,"Verify sentence-level claim and precise edition/page; ledger statements are prior records, not verification from this audit.",True
jamieson2023,active Bab I-III,Reflexivity in Quantitative Research: A Rationale and Beginner's Guide,"Jamieson, Michelle K. and Govaart, Gisela H. and Pownall, Madeleine",2023,10.1111/spc3.12735,docs/final-thesis/thesis/chapters/03-metode-penelitian.tex:17,,,,Not reverified in this audit,https://doi.org/10.1111/spc3.12735,,"Verify sentence-level claim and precise edition/page; ledger statements are prior records, not verification from this audit.",True
karystinaios2023,active Bab I-III,Musical Voice Separation as Link Prediction: Modeling a Musical Perception Task as a Multi-Trajectory Tracking Problem,"Karystinaios, Emmanouil and Foscarin, Francesco and Widmer, Gerhard",2023,10.24963/ijcai.2023/430,docs/final-thesis/thesis/chapters/02-tinjauan-pustaka.tex:51 | docs/final-thesis/thesis/chapters/02-tinjauan-pustaka.tex:63 | docs/final-thesis/thesis/chapters/03-metode-penelitian.tex:155,,,,Not reverified in this audit,https://doi.org/10.24963/ijcai.2023/430,,"Verify sentence-level claim and precise edition/page; ledger statements are prior records, not verification from this audit.",True
koops2019,active Bab I-III,Annotator subjectivity in harmony annotations of popular music,"Koops, Hendrik Vincent and Haas, Wolfgang and Burgoyne, John and Bransen, Jeroen and Kent-Muller, Anna and Volk, Anja",2019,10.1080/09298215.2019.1613436,docs/final-thesis/thesis/chapters/01-pendahuluan.tex:19 | docs/final-thesis/thesis/chapters/02-tinjauan-pustaka.tex:49 | docs/final-thesis/thesis/chapters/02-tinjauan-pustaka.tex:89,,,,Not reverified in this audit,https://doi.org/10.1080/09298215.2019.1613436,,"Verify sentence-level claim and precise edition/page; ledger statements are prior records, not verification from this audit.",True
le2025,active Bab I-III,Natural Language Processing Methods for Symbolic Music Generation and Information Retrieval: a Survey,"Le, Dinh-Viet-Toan and Bigo, Louis and Herremans, Dorien and Keller, Mikaela",2025,,docs/final-thesis/thesis/chapters/02-tinjauan-pustaka.tex:9,le2025,Not verified in v3 preparation,Not recorded,Not reverified in this audit,,,"Verify sentence-level claim and precise edition/page; ledger statements are prior records, not verification from this audit.",True
leedy2018,active Bab I-III,Practical Research: Planning and Design,"Leedy, Paul D. and Ormrod, Jeanne Ellis",2018,,docs/final-thesis/thesis/chapters/03-metode-penelitian.tex:140,leedy2018,Metadata and paraphrased claims taken from the department template's reference list (Riset - Template Proposal TA Penelitian 2026); book not opened,Not recorded,Not reverified in this audit,,,"Verify sentence-level claim and precise edition/page; ledger statements are prior records, not verification from this audit.",True
lerch2025,active Bab I-III,Survey on the Evaluation of Generative Models in Music,"Lerch, Alexander and Arthur, Claire and Bryan-Kinns, Nick and Ford, Corey and Sun, Qianyi and Vinay, Ashvala",2025,10.1145/3769106,docs/final-thesis/thesis/chapters/01-pendahuluan.tex:13 | docs/final-thesis/thesis/chapters/02-tinjauan-pustaka.tex:25 | docs/final-thesis/thesis/chapters/03-metode-penelitian.tex:15,,,,Not reverified in this audit,https://doi.org/10.1145/3769106,,"Verify sentence-level claim and precise edition/page; ledger statements are prior records, not verification from this audit.",True
louie2020,active Bab I-III,Novice-AI Music Co-Creation via AI-Steering Tools for Deep Generative Models,"Louie, Ryan and Coenen, Andy and Huang, Cheng Zhi and Terry, Michael A. and Cai, Carrie Jun",2020,10.1145/3313831.3376739,docs/final-thesis/thesis/chapters/01-pendahuluan.tex:9 | docs/final-thesis/thesis/chapters/02-tinjauan-pustaka.tex:41,,,,Not reverified in this audit,https://doi.org/10.1145/3313831.3376739,,"Verify sentence-level claim and precise edition/page; ledger statements are prior records, not verification from this audit.",True
mcleod2023,active Bab I-III,Detecting chord tone alterations and suspensions,"McLeod, Andrew and Rohrmeier, Martin",2023,10.1080/09298215.2024.2412595,docs/final-thesis/thesis/chapters/02-tinjauan-pustaka.tex:49 | docs/final-thesis/thesis/chapters/02-tinjauan-pustaka.tex:91,,,,Not reverified in this audit,https://doi.org/10.1080/09298215.2024.2412595,,"Verify sentence-level claim and precise edition/page; ledger statements are prior records, not verification from this audit.",True
meeus2018,active Bab I-III,Harmonic Vectors and the Constraints of Tonality,"Meeùs, Nicolas",2018,10.30535/mto.24.4.11,docs/final-thesis/thesis/chapters/02-tinjauan-pustaka.tex:75,,,,Not reverified in this audit,https://doi.org/10.30535/mto.24.4.11,,"Verify sentence-level claim and precise edition/page; ledger statements are prior records, not verification from this audit.",True
mehta2025,active Bab I-III,Music for All: Representational Bias and Cross-Cultural Adaptability of Music Generation Models,"Mehta, Atharva and Chauhan, Shivam and Djanibekov, Amirbek and Kulkarni, Atharva and Xia, Gus and Choudhury, Monojit",2025,10.18653/v1/2025.findings-naacl.258,docs/final-thesis/thesis/chapters/03-metode-penelitian.tex:19,,,,Not reverified in this audit,https://doi.org/10.18653/v1/2025.findings-naacl.258,,"Verify sentence-level claim and precise edition/page; ledger statements are prior records, not verification from this audit.",True
micchi2020,active Bab I-III,Not All Roads Lead to Rome: Pitch Representation and Model Architecture for Automatic Harmonic Analysis,"Micchi, Gianluca and Gotham, Mark and Giraud, Mathieu",2020,10.5334/tismir.45,docs/final-thesis/thesis/chapters/02-tinjauan-pustaka.tex:47 | docs/final-thesis/thesis/chapters/02-tinjauan-pustaka.tex:89,,,,Not reverified in this audit,https://doi.org/10.5334/tismir.45,,"Verify sentence-level claim and precise edition/page; ledger statements are prior records, not verification from this audit.",True
moss2019,active Bab I-III,Statistical characteristics of tonal harmony: A corpus study of Beethoven’s string quartets,"Moss, Fabian C. and Neuwirth, Markus and Harasim, Daniel and Rohrmeier, Martin",2019,10.1371/journal.pone.0217242,docs/final-thesis/thesis/chapters/02-tinjauan-pustaka.tex:47 | docs/final-thesis/thesis/chapters/02-tinjauan-pustaka.tex:75,,,,Not reverified in this audit,https://doi.org/10.1371/journal.pone.0217242,,"Verify sentence-level claim and precise edition/page; ledger statements are prior records, not verification from this audit.",True
mycka2025,active Bab I-III,Artificial intelligence in music: recent trends and challenges,"Mycka, Jan and Mańdziuk, Jacek",2025,10.1007/s00521-024-10555-x,docs/final-thesis/thesis/chapters/01-pendahuluan.tex:5 | docs/final-thesis/thesis/chapters/02-tinjauan-pustaka.tex:7,,,,Not reverified in this audit,https://doi.org/10.1007/s00521-024-10555-x,,"Verify sentence-level claim and precise edition/page; ledger statements are prior records, not verification from this audit.",True
neuwirth2018,active Bab I-III,The Annotated Beethoven Corpus (ABC): A Dataset of Harmonic Analyses of All Beethoven String Quartets,"Neuwirth, Markus and Harasim, Daniel and Moss, Fabian C. and Rohrmeier, Martin",2018,10.3389/fdigh.2018.00016,docs/final-thesis/thesis/chapters/02-tinjauan-pustaka.tex:47,,,,Not reverified in this audit,https://doi.org/10.3389/fdigh.2018.00016,,"Verify sentence-level claim and precise edition/page; ledger statements are prior records, not verification from this audit.",True
rangkuti2016,active Bab I-III,Metode Penelitian Pendidikan,"Rangkuti, Ahmad Nizar",2016,,docs/final-thesis/thesis/chapters/02-tinjauan-pustaka.tex:101,rangkuti2016,Metadata and paraphrased definition taken from the department template's reference list; book not opened,Not recorded,Not reverified in this audit,,,"Verify sentence-level claim and precise edition/page; ledger statements are prior records, not verification from this audit.",True
roberts2025,active Bab I-III,Computational musicking: music + coding as a hybrid practice,"Roberts, Cameron L. and Horn, Michael",2025,10.1080/0144929x.2024.2402533,docs/final-thesis/thesis/chapters/03-metode-penelitian.tex:15,,,,Not reverified in this audit,https://doi.org/10.1080/0144929x.2024.2402533,,"Verify sentence-level claim and precise edition/page; ledger statements are prior records, not verification from this audit.",True
schoenberg1954,active Bab I-III,Structural Functions of Harmony,"Schoenberg, Arnold",1954,,docs/final-thesis/thesis/chapters/02-tinjauan-pustaka.tex:75,schoenberg1954,Not verified in v3 preparation,Not recorded,Not reverified in this audit,,,"Verify sentence-level claim and precise edition/page; ledger statements are prior records, not verification from this audit.",True
strube1928,active Bab I-III,The theory and use of chords: a text-book of harmony,"Strube, Gustav",1928,,docs/final-thesis/thesis/chapters/01-pendahuluan.tex:17 | docs/final-thesis/thesis/chapters/02-tinjauan-pustaka.tex:55 | docs/final-thesis/thesis/chapters/02-tinjauan-pustaka.tex:75 | docs/final-thesis/thesis/chapters/02-tinjauan-pustaka.tex:75 | docs/final-thesis/thesis/chapters/02-tinjauan-pustaka.tex:77 | docs/final-thesis/thesis/chapters/02-tinjauan-pustaka.tex:80 | docs/final-thesis/thesis/chapters/02-tinjauan-pustaka.tex:80 | docs/final-thesis/thesis/chapters/02-tinjauan-pustaka.tex:80 | docs/final-thesis/thesis/chapters/02-tinjauan-pustaka.tex:81 | docs/final-thesis/thesis/chapters/02-tinjauan-pustaka.tex:82 | docs/final-thesis/thesis/chapters/02-tinjauan-pustaka.tex:83 | docs/final-thesis/thesis/chapters/02-tinjauan-pustaka.tex:84 | docs/final-thesis/thesis/chapters/02-tinjauan-pustaka.tex:89 | docs/final-thesis/thesis/chapters/02-tinjauan-pustaka.tex:91 | docs/final-thesis/thesis/chapters/02-tinjauan-pustaka.tex:91 | docs/final-thesis/thesis/chapters/03-metode-penelitian.tex:31 | docs/final-thesis/thesis/chapters/03-metode-penelitian.tex:42 | docs/final-thesis/thesis/chapters/03-metode-penelitian.tex:78 | docs/final-thesis/thesis/chapters/03-metode-penelitian.tex:82 | docs/final-thesis/thesis/chapters/03-metode-penelitian.tex:82 | docs/final-thesis/thesis/chapters/03-metode-penelitian.tex:91 | docs/final-thesis/thesis/chapters/03-metode-penelitian.tex:91 | docs/final-thesis/thesis/chapters/03-metode-penelitian.tex:99 | docs/final-thesis/thesis/chapters/03-metode-penelitian.tex:99 | docs/final-thesis/thesis/chapters/03-metode-penelitian.tex:136 | docs/final-thesis/thesis/chapters/03-metode-penelitian.tex:136,strube1928 | strube1928-openlibrary,Assistant read OCR text and page images of the 1928 Oliver Ditson edition 2026-10-02 | Assistant checked Open Library 2026-10-02; archive.org has no copy,Not recorded,"Local scan, selected rule pages read as images",references/The Theory and Use of Chords.pdf,"Printed pages 9,12-13,20,174",Spacing allows exceptions; later chorale norm versus earlier exercises must be stated. Only selected rule pages were read as images in this audit.,True
sugiyono2019,active Bab I-III,"Metode Penelitian Kuantitatif, Kualitatif, dan R\&D",Sugiyono,2019,,docs/final-thesis/thesis/chapters/03-metode-penelitian.tex:7 | docs/final-thesis/thesis/chapters/03-metode-penelitian.tex:7,,,,Not reverified in this audit,,,"Verify sentence-level claim and precise edition/page; ledger statements are prior records, not verification from this audit.",True
suh2021,active Bab I-III,AI as Social Glue: Uncovering the Roles of Deep Generative AI during Social Music Composition,"Suh, Minhyang and Youngblom, Emily and Terry, Michael A. and Cai, Carrie Jun",2021,10.1145/3411764.3445219,docs/final-thesis/thesis/chapters/02-tinjauan-pustaka.tex:41,,,,Not reverified in this audit,https://doi.org/10.1145/3411764.3445219,,"Verify sentence-level claim and precise edition/page; ledger statements are prior records, not verification from this audit.",True
wang2025,active Bab I-III,NotaGen: Advancing Musicality in Symbolic Music Generation with Large Language Model Training Paradigms,"Wang, Yashan and Wu, Shangda and Hu, Jianhuai and Du, Xingjian and Peng, Yueqi and Huang, Yongxin and Fan, Shuai and Li, Xiaobing and Yu, Feng and Sun, Maosong",2025,,docs/final-thesis/thesis/chapters/02-tinjauan-pustaka.tex:21 | docs/final-thesis/thesis/chapters/03-metode-penelitian.tex:25,wang2025,Assistant inspected original paper/abstract,Not recorded,Not reverified in this audit,,,"Verify sentence-level claim and precise edition/page; ledger statements are prior records, not verification from this audit.",True
wu2020,active Bab I-III,The jazz transformer on the front line: Exploring the shortcomings of ai-composed music through quantitative measures,"Wu, Shih-Lun and Yang, Yi-Hsuan",2020,,docs/final-thesis/thesis/chapters/02-tinjauan-pustaka.tex:27,wu2020,Not verified in v3 preparation,Not recorded,Not reverified in this audit,,,"Verify sentence-level claim and precise edition/page; ledger statements are prior records, not verification from this audit.",True
yan2018,active Bab I-III,Part-invariant Model for Music Generation and Harmonization,"Yan, Yujia and Lustig, Ethan and VanderStel, Joseph and Duan, Zhiyao",2018,,docs/final-thesis/thesis/chapters/01-pendahuluan.tex:13 | docs/final-thesis/thesis/chapters/01-pendahuluan.tex:19 | docs/final-thesis/thesis/chapters/01-pendahuluan.tex:21 | docs/final-thesis/thesis/chapters/02-tinjauan-pustaka.tex:33 | docs/final-thesis/thesis/chapters/02-tinjauan-pustaka.tex:55 | docs/final-thesis/thesis/chapters/02-tinjauan-pustaka.tex:67 | docs/final-thesis/thesis/chapters/02-tinjauan-pustaka.tex:77 | docs/final-thesis/thesis/chapters/02-tinjauan-pustaka.tex:87 | docs/final-thesis/thesis/chapters/03-metode-penelitian.tex:61 | docs/final-thesis/thesis/chapters/03-metode-penelitian.tex:78 | docs/final-thesis/thesis/chapters/03-metode-penelitian.tex:80 | docs/final-thesis/thesis/chapters/03-metode-penelitian.tex:134,yan2018 | yan2018-rubric | yan2018-design-details | yan2018-eval-4.2,Assistant inspected original PDF and supplementary rubric 2026-10-01 | Assistant inspected original supplementary page 2026-10-01 | Assistant inspected original PDF and official ISMIR listing 2026-10-01 | Assistant re-read §4 in original PDF text 2026-10-02,Not recorded,"Original paper and official supplement, relevant passages",https://labsites.rochester.edu/air/publications/Yan2018partInvariant.pdf | https://labsites.rochester.edu/air/projects/model0.md,"Section 4.2; official rubric categories 3,9,10,11",Fixed bass and human grading differ from current automated fixed-soprano task; weights do not validate adapted index.,True
yang2020,active Bab I-III,On the evaluation of generative models in music,"Yang, Li-Chia and Lerch, Alexander",2020,10.1007/s00521-018-3849-7,docs/final-thesis/thesis/chapters/01-pendahuluan.tex:13 | docs/final-thesis/thesis/chapters/02-tinjauan-pustaka.tex:27,yang2020,Not verified in v3 preparation,Not recorded,Not reverified in this audit,https://doi.org/10.1007/s00521-018-3849-7,,"Verify sentence-level claim and precise edition/page; ledger statements are prior records, not verification from this audit.",True
yin2023,active Bab I-III,Deep learning’s shallow gains: a comparative evaluation of algorithms for automatic music generation,"Yin, Zongyu and Reuben, Federico and Stepney, Susan and Collins, Tom",2023,10.1007/s10994-023-06309-w,docs/final-thesis/thesis/chapters/02-tinjauan-pustaka.tex:13 | docs/final-thesis/thesis/chapters/02-tinjauan-pustaka.tex:29 | docs/final-thesis/thesis/chapters/03-metode-penelitian.tex:167,,,,Not reverified in this audit,https://doi.org/10.1007/s10994-023-06309-w,,"Verify sentence-level claim and precise edition/page; ledger statements are prior records, not verification from this audit.",True
zacharakis2021,active Bab I-III,Evaluating Human-Computer Co-creative Processes in Music: A Case Study on the CHAMELEON Melodic Harmonizer,"Zacharakis, Asterios and Kaliakatsos-Papakostas, Maximos A. and Kalaitzidou, Stamatia and Cambouropoulos, Emilios",2021,10.3389/fpsyg.2021.603752,docs/final-thesis/thesis/chapters/01-pendahuluan.tex:9 | docs/final-thesis/thesis/chapters/02-tinjauan-pustaka.tex:41,,,,Not reverified in this audit,https://doi.org/10.3389/fpsyg.2021.603752,,"Verify sentence-level claim and precise edition/page; ledger statements are prior records, not verification from this audit.",True
