citation_key,source_url,assistant_verification_2026_09_28,researcher_read_status,relevant_page_or_section,claim_supported,limits_or_correction,design_decision
cuthbert2010,,Not verified in v3 preparation,Not recorded,,,Verify source identity and sentence-level support before final use.,
choi2023,,Not verified in v3 preparation,Not recorded,,,Verify source identity and sentence-level support before final use.,
fang2020,https://arxiv.org/html/2006.13329v3,Assistant inspected original paper,Not recorded,,,Weighted Wasserstein feature-distribution score; does not define the current Strube Score.,
ghoshal2026,,Not verified in v3 preparation,Not recorded,,,Verify source identity and sentence-level support before final use.,
hadjeres2017,https://proceedings.mlr.press/v70/hadjeres17a.html,Assistant verified publication page/abstract,Not recorded,,,Generation uses pseudo-Gibbs sampling; positional controls. Read architecture and controls in full paper.,
huang2017,https://archives.ismir.net/ismir2017/paper/000187.pdf,Assistant inspected original paper,Not recorded,,,Convolutional partial-score completion and blocked Gibbs. Check rule analysis and metric details.,
le2025,,Not verified in v3 preparation,Not recorded,,,Verify source identity and sentence-level support before final use.,
strube1928,"references/The Theory and Use of Chords.pdf (local scan, not distributed)",Assistant read OCR text and page images of the 1928 Oliver Ditson edition 2026-10-02,Not recorded,"pp. 6-9, 12-13, 20, 23, 34-35, 45, 83, 174; exercises pp. 8-81","SATB writing and ranges (p. 6); close/open position (p. 7); given basses and melodies (p. 8); parallel fifths/octaves/unisons forbidden, contrary motion not objectionable (p. 9); covered fifths and overlap with stepwise exception (pp. 12-13); spacing S-A/A-T (p. 20); unequal fifths (pp. 34-35); fifths IV-II (p. 45); suspension-produced fifths (p. 83); crossing not over the soprano, chorale melodies from Bach (p. 174)",Scan incomplete (p. 48 missing; later chapters as two-page spreads); researcher to confirm wording against the print,Source of the five rule definitions and exceptions and of the Strube melody group
wang2025,https://arxiv.org/html/2502.18008v5,Assistant inspected original paper/abstract,Not recorded,,,ABC pretraining; classical fine-tuning; CLaMP-DPO; native period/composer/instrumentation prompts.,
harrison2020,,Not verified in v3 preparation,Not recorded,,,Verify source identity and sentence-level support before final use.,
yang2020,,Not verified in v3 preparation,Not recorded,,,Verify source identity and sentence-level support before final use.,
schoenberg1954,,Not verified in v3 preparation,Not recorded,,,Verify source identity and sentence-level support before final use.,
Ji2023,,Not verified in v3 preparation,Not recorded,,,Verify source identity and sentence-level support before final use.,
Zhou2024,,Not verified in v3 preparation,Not recorded,,,Verify source identity and sentence-level support before final use.,
Zhang2023,,Not verified in v3 preparation,Not recorded,,,Verify source identity and sentence-level support before final use.,
Chen2020,,Not verified in v3 preparation,Not recorded,,,Verify source identity and sentence-level support before final use.,
DeBerardinis2022,,Not verified in v3 preparation,Not recorded,,,Verify source identity and sentence-level support before final use.,
Retkowski2024,,Not verified in v3 preparation,Not recorded,,,Verify source identity and sentence-level support before final use.,
choi2020,,Not verified in v3 preparation,Not recorded,,,Verify source identity and sentence-level support before final use.,
briot2020,,Not verified in v3 preparation,Not recorded,,,Verify source identity and sentence-level support before final use.,
dong2020,,Not verified in v3 preparation,Not recorded,,,Verify source identity and sentence-level support before final use.,
wu2020,,Not verified in v3 preparation,Not recorded,,,Verify source identity and sentence-level support before final use.,
cuthbert2020,,Not verified in v3 preparation,Not recorded,,,Verify source identity and sentence-level support before final use.,
zeng2021,,Not verified in v3 preparation,Not recorded,,,Verify source identity and sentence-level support before final use.,
hsiao2021,,Not verified in v3 preparation,Not recorded,,,Verify source identity and sentence-level support before final use.,
sturm2020,,Not verified in v3 preparation,Not recorded,,,Verify source identity and sentence-level support before final use.,
leedy2018,,Metadata and paraphrased claims taken from the department template's reference list (Riset - Template Proposal TA Penelitian 2026); book not opened,Not recorded,,Quantitative vs qualitative purpose; instrument validity and reliability,Author full names and edition not verified; confirm edition and pages before final use.,Supports III.A approach and III.C validity/reliability wording
rangkuti2016,,Metadata and paraphrased definition taken from the department template's reference list; book not opened,Not recorded,,Hypothesis as a provisional answer tested empirically,Author full name not verified; confirm page before final use.,Supports II.C.2 hypothesis definition
huang2019,https://arxiv.org/abs/1907.06637,Assistant read full arXiv v1 text 2026-09-30,Not recorded,Abstract; Section 6.3 Parallel Fifths and Parallel Octaves,"First AI-powered Google Doodle; Coconet harmonized user melodies; >55 million queries and 350 years of use in three days; advanced users complained about P5s/P8s; music21 used to count P5/P8; 21.8 million harmonizations, 0.365 P5 and 0.391 P8 per measure; 382 training chorales contain 132 P5 and 51 P8, many excusable at phrase boundaries or with nonchord tones; more P5/P8 for out-of-distribution input; fewer P5/P8 correlated with positive feedback",Coconet only; P5/P8 only; per-measure rates; not Strube; conference page numbers not recorded,Social and field facts for I.A; precedent for music21 rule counting and for rule exceptions in validation
hadjeres2017-eval,https://arxiv.org/abs/1612.01010,Assistant read full arXiv text 2026-09-30,Not recorded,Section 3.2 Discrimination Test; Section 4.3 Generation examples; plugin section,Online 'Bach or Computer' discrimination test; example analysis notes compositional errors like parallel octaves; MuseScore plugin; music21 key analyzer used,"Example analysis only, no frequency count",Supports I.A and II.A.1 statements on DeepBach evaluation and availability
yan2018,https://labsites.rochester.edu/air/publications/Yan2018partInvariant.pdf,Assistant inspected original PDF and supplementary rubric 2026-10-01,Not recorded,Section 4.2; pp. 208-209; supplementary Rubrics For Objective Evaluation,Bassline harmonization evaluated using researcher-created rubric by three music-theory PhD student graders; separate listening team; source-blind evaluation.,"Human grading, not an automated Strube instrument; fixed bass means soprano is generated; adaptation to fixed soprano needs justification.",Candidate published rubric for manual or hybrid assessment; no manuscript or bibliography migration yet
yan2018-rubric,https://labsites.rochester.edu/air/projects/model0.md,Assistant inspected original supplementary page 2026-10-01,Not recorded,Rubrics For Objective Evaluation; categories 1-11,"Eleven error categories including parallels, doubling, resolutions, spacing, crossing and overlap; leading-tone resolution category concerns soprano.",Not a complete Strube rule set; not the current composite index; weighting and subset choices must be justified.,Compare candidate rules before fixing scope; do not transplant soprano-resolution outcome to a fixed-soprano task
hadjeres2017-fixed-voices,https://proceedings.mlr.press/v70/hadjeres17a/hadjeres17a.pdf,Assistant inspected original PMLR PDF 2026-10-01,Not recorded,Sections 2.3.2 and 3.1,Fixed soprano with generated alto tenor bass; evaluation uses soprano identical across models.,Supports task and control design; does not prescribe current detector or rule-selection rationale.,Separate fixed inputs from generated contribution while retaining complete musical context
chongding-econtact,https://www.econtact.ca/16_2/chong-ding_representation.html,Assistant inspected original article 2026-10-01,Not recorded,Modelling Tonal Harmony; Input Data; A Case for Declarative Rules,Task-specific theory-based rule evaluation; Roman-numeral inputs constrain domain and preprocessing needs.,Tonal progressions and pedagogical feedback; not a ready-to-use MIDI SATB evaluator or validation of this thesis.,Justify domain and representation; distinguish source theory from adapted implementation
yan2018-design-details,https://labsites.rochester.edu/air/publications/Yan2018partInvariant.pdf,Assistant inspected original PDF and official ISMIR listing 2026-10-01,Not recorded,Section 4.2; footnotes 5-6; pp. 208-209,Bass task and published pedagogical rubric; two input exercises attributed to Laitz; blinded randomized grading.,No textbook page-by-category provenance or validation of the current detector; fixed-bass task differs from fixed soprano.,Use as candidate evaluation foundation; preserve explicit adaptation history.
blanchard2025,https://nime.org/proceedings/2025/nime2025_84.pdf,Assistant inspected original NIME PDF and Zenodo 15698966 record 2026-10-01,Not recorded,Sections 2.2 and 3; reference 24,AMT-based SATB harmonization; timing constrained by input melody; Yan cited; results emphasize inference speed.,Does not supply Yan-style rubric results; architecture effects confounded by data and constrained decoding.,Candidate newer symbolic harmonization pipeline for fixed-melody design; not selected or run.
blanchard2025-checkpoint,https://huggingface.co/mitmedialab/jsbChorales-1000,Assistant inspected model card and link from official implementation 2026-10-01,Not recorded,Model card; official AI Harmonizer README and choraleModel submodules,Public SATB checkpoint and implementation links; voice-to-instrument mapping documented.,No local download/inference; pinned generation code not fully retrievable; availability is not proven runtime compatibility.,"Pilot symbolic task, timing restrictions and constraint preservation before model replacement."
wu2023-deepchoir,https://arxiv.org/pdf/2202.08423,Assistant inspected original v4 PDF and authors code repository 2026-10-01,Not recorded,Section 2.2; Section 3.2; repository README and weight listings,Melody-and-chord conditioned SATB generation using Bi-LSTM encoders; code and weights listed.,Not a Transformer or demonstrated fixed-bass system; legacy dependencies and actual checkpoint behavior untested.,Candidate melody-task comparator or control study; do not assume shared information across models.
fang2020-original-grading,https://arxiv.org/html/2006.13329v3,Assistant inspected original full text 2026-10-01,Not recorded,Sections 2-3,music21 feature-distribution grading using weighted Wasserstein distances.,Not Yan rubric and not current Strube index; Bach discrimination evidence does not prove every rule flag valid.,Retain as alternative evaluator literature; avoid mixing its metric with the primary rubric.
huang2019-ood-6.3,https://arxiv.org/pdf/1907.06637v1,Assistant read §6.3 in full arXiv v1 PDF text 2026-10-02,Not recorded,Section 6.3; Figure 8,Four groups: positive vs non-positive feedback x melody within training soprano range (MIDI 60-81) and max leap <= training max (1 octave) or not; more P5/P8 outside limits; Kruskal-Wallis and Mann-Whitney p < 1e-4; P5/P8 called a useful proxy metric for output quality; 382 chorales in train+validation contained 132 P5 (0.023/measure) and 51 P8 (0.009/measure); training data lacked key/time signatures and fermatas,Observational user data; Coconet only; exact music21 counting settings not stated; ISMIR page numbers not recorded,"Main anchor for v2 design: per-measure unit, out-of-distribution hypothesis, Mann-Whitney precedent, Bach reference rates for instrument check"
yan2018-eval-4.2,https://labsites.rochester.edu/air/publications/Yan2018partInvariant.pdf,Assistant re-read §4 in original PDF text 2026-10-02,Not recorded,Abstract; §4.1.2; §4.2; footnotes 4-6,"Abstract says existing approaches lack music-theoretic rigor in evaluation; three 4-bar basslines (diatonic to highly chromatic); 30 model outputs per bassline; 33 sophomores recruited, 27 valid; three music-theory PhD graders blind and randomized; rubric typical of textbooks (fn 6); model made more non-stylistic progressions, students exceeded upper-voice octave spacing more; textbook rules influenced by but not strictly followed by Bach (fn 4); 4-bar exercise length differs from training pieces; sixteenth-note quantization (§4.1.2)","Pages 204-210 taken from the ISMIR listing checked on 2026-10-01, not printed in the PDF; human grading not adopted in v2","Source of rubric categories 3, 9, 10, 11 and weights; support for exercise melodies as out of training distribution"
deepbach-split-code,https://github.com/Ghadjeres/DeepBach/blob/master/DatasetManager/music_dataset.py,Assistant read data_loaders and make_tensor_dataset on master branch 2026-10-02,Not recorded,DatasetManager/music_dataset.py data_loaders; chorale_dataset.py make_tensor_dataset,"Subsequence tensor dataset built in corpus iteration order with transpositions, split contiguously 85/10/5 without shuffling",Pretrained resource archive not confirmed to use this default split; boundary chorales partly split,Record DeepBach training membership per Bach melody; sensitivity analysis seen vs unseen
coconet-magentajs,https://github.com/magenta/magenta-js/blob/master/music/src/coconet/coconet_utils.ts,Assistant read source constants 2026-10-02,Not recorded,coconet_utils.ts constants,"MIN_PITCH 36, NUM_PITCHES 46 (MIDI 36-81), four voices; repo adapter loads checkpoint magentadata/js/checkpoints/coconet/bach",Training split and relation to the Bach Doodle production model not documented in the files inspected,Coconet training membership recorded as unknown; input range criterion
music21-voiceleading,https://music21.org/music21docs/moduleReference/moduleVoiceLeading.html,Assistant listed VoiceLeadingQuartet methods in local music21 9.3.0 on 2026-10-02,Not recorded,VoiceLeadingQuartet,"parallelFifth, parallelOctave, parallelUnisonOrOctave, hiddenFifth, hiddenOctave, voiceCrossing, voiceOverlap, isProperResolution exist; alpha theoryAnalyzer module absent in 9.3.0",Method semantics must be compared with the operational definitions before use,Cross-implementation validation of the instrument
wheninrome-bach,https://github.com/MarkGotham/When-in-Rome,Assistant listed repository folders via GitHub API 2026-10-02,Not recorded,"Corpus/Early_Choral/Bach,_Johann_Sebastian/Chorales","371 Bach chorale analysis folders; Textbooks folder (Aldwell, Kostka, Reger, Rimsky-Korsakov, Tchaikovsky)",Not cited; only needed if chord-dependent rules are added,Not used in v2 because chord-dependent rules are excluded
cohen1988,,Standard reference; book not opened,Not recorded,,Conventional large effect d = 0.8,Confirm page for the effect-size convention before final use,Supports III sample-size rationale
hodges1956,https://doi.org/10.1214/aoms/1177728261,Assistant verified Crossref metadata 2026-10-02; article not opened,Not recorded,,Lower bound 0.864 on asymptotic relative efficiency of the Wilcoxon/Mann-Whitney test relative to the t-test,Confirm the bound statement in the article text before final use,Supports III sample-size adjustment
strube1928-openlibrary,https://openlibrary.org/search.json?q=strube+theory+and+use+of+chords,Assistant checked Open Library 2026-10-02; archive.org has no copy,Not recorded,,"Gustav Strube, The theory and use of chords, first published 1928, Oliver Ditson Company","Does not verify rule wording, exercises, or the 2015 translation",Researcher must read the consulted edition and fill research/literature/strube-rule-pages.csv
strube2015-terjemahan,references/teori dan penggunaan akor - terjemahan pak gathut.pdf (scan supplied by the researcher; not in the bibliography),Assistant OCR-ed the scan and read rule pages as images 2026-10-02,Not recorded,"pp. 10, 12-13, 16-18, 27, 43-44, 58, 60","Indonesian wording of the parallel, overlap, spacing, and fifth-exception rules; exercises 62-68 with 1928 numbering","Volume I only (ends near Fig. 147); no p. 174 crossing rule. Differs from 1928 on S-A spacing (biasanya vs occasionally), overlap (no ""stepwise""), and bass below tenor (added on p. 10)",Translator is Pembimbing I; ask whether to cite it alongside the 1928 edition
coconet-magentajs-infill,https://github.com/magenta/magenta-js/blob/master/music/src/coconet/model.ts,"Assistant read infill(), getCompletionMask, and pianoroll conversion on master branch 2026-10-03",Not recorded,model.ts infill and getCompletionMask; coconet_utils.ts pianorollToSequence and sequenceToPianoroll,"Instrument 0-3 = S, A, T, B; without an infill mask every silent step is filled, including rests in the given soprano; output notes are one step long, so repeated and held notes cannot be distinguished; defaults 96 iterations and temperature 0.99",Source of the npm release actually installed not yet checked against master,"Explicit infill mask over alto, tenor, bass; merge equal consecutive pitches in generated voices; restore soprano notes when pitches match (harmonization_io.py)"
deepbach-vocabulary-code,https://github.com/Ghadjeres/DeepBach/blob/master/DatasetManager/chorale_dataset.py,"Assistant read part_to_tensor, tensor_to_score, generation, and deepBach.py on master commit 6d75cb9, 2026-10-03",Not recorded,chorale_dataset.py part_to_tensor and tensor_to_score; helpers.py symbols; metadata.py; model_manager.py generation; deepBach.py options,"Tokens are spelled note names per voice plus '__', 'rest', START, END, OOR; an unknown name is added to the dictionary with only a printed warning; tensor_to_score prints START/END/OOR as rests; metadata fermata, tick, key (sharps + 8), voice index; CLI default 500 iterations",Pretrained resource archive vocabulary not yet inspected; commit of a local clone not yet recorded,Check soprano vocabulary before generation; treat special symbols in output as failures; key from notated signature (harmonization_io.py)
hadjeres2017,https://proceedings.mlr.press/v70/hadjeres17a/hadjeres17a.pdf,2026-10-04 v4: full PMLR PDF read; pages from citation metadata (1362-1371),Not recorded,"pp. 1362 (Ebcioglu rule system, constraints, MuseScore), 1364-1367 (hold symbol, metadata, LSTM, pseudo-Gibbs, fixed soprano p. 1365), 1366 (music21 data, 80/20 split in the paper), 1367-1368 (Bach or Computer, 1,272 people; parallel octaves noted; plugin)","II.A.1-2, II.B.1, I.A",Paper states an 80/20 split; the PyTorch code splits 85/10/5 (research/protocol.md),Model description and evaluation history
huang2017,https://archives.ismir.net/ismir2017/paper/000187.pdf,2026-10-04 v4: full ISMIR PDF read (pp. 211-218),Not recorded,"pp. 211 (orderless NADE, blocked Gibbs, MILA/Google Brain), 212 (JSB data link), 213 (piano roll), 215 (log-likelihood), 216 (MTurk human evaluation)","II.A.2, II.B.1, I.A",Paper capability does not prove the Magenta.js checkpoint behaviour,Model description
huang2019,https://archives.ismir.net/ismir2019/paper/000097.pdf,2026-10-04 v4: ISMIR proceedings PDF read; pages 793-800,Not recorded,"p. 793 (55 million requests in three days; users unfamiliar with Western notation); p. 798 (§6.3: 21.8 million harmonizations, 0.365/0.391 per measure; 382 chorales 0.023/0.009; MIDI 60-81 and one-octave leap; Kruskal-Wallis, Mann-Whitney; positive feedback)","I.A, I.B, II.A.3, II.B, III",Observational user data; one model; two rules,Main anchor
yan2018,https://labsites.rochester.edu/air/publications/Yan2018partInvariant.pdf,2026-10-04 v4: earlier full-text verification kept; pages 204-210 confirmed in OpenAlex,Not recorded,"§4.2, pp. 208-209","II.A.3, rule categories and weights",Human grading and fixed bass differ from this study,Rubric categories and weights
fang2020,https://arxiv.org/html/2006.13329v3,2026-10-04 v4: earlier full-text verification kept,Not recorded,Sections 2-3,II.A.3 grading function with parallel-error feature,Workshop paper without page numbers,Not used as a measure
choi2023,https://zenodo.org/records/10112462,2026-10-04 v4: full CMMR paper read from Zenodo; authors corrected to Eunjin Choi and Hyerin Kim,Not recorded,"pp. 186 (parallels frequent; Fang), 188 (problem statement), 190-192 (prohibition loss, masking), 193-194 (Table 2; masking removes parallels but worsens bass intervals and harmonic quality)",II.A.3; comparison table,"Free generation with a GRU, not harmonization of a given soprano",Shows a trade-off when parallels are suppressed
leemhuis2020,https://doi.org/10.1007/978-3-030-43887-6_39,2026-10-04 v4: open-access chapter read on Springer (pp. 462-469),Not recorded,"Introduction (CHORAL >270 rules); §2 (bass first, then alto and tenor); §3 (teacher analysis: voice-leading rules violated in several places); §4 (61% music majors, 66% musicologists identified Bach)",II.A.1; comparison table,Page numbers within the chapter not recorded; teacher analysed two chorales only,Gap: listening tests do not count violations
huron2001,https://doi.org/10.1525/mp.2001.19.1.1,"2026-10-04 v4: full text read from a copy of the published PDF linked by Google Scholar (musanim.com)",Not recorded,"pp. 2 (goal: perceptually independent lines; canon as historical convention), 4 (not an apology for the rules), 5 (core rules incl. spacing, crossing, overlap, parallels), 18-19 (minimum masking; tonal fusion), 24 (pitch proximity), 31 (pitch co-modulation), 33-37 (derivations D4, D14, D15, D21)","II.B.4, II.C",Theory of perception; this study measures no perception,Interpretation of each violation type
briot2020book,https://doi.org/10.1007/978-3-319-70163-9,2026-10-04 v4: content read in arXiv 1709.01620v4 (book draft); chapter page ranges from Crossref,Not recorded,"Method chapter pp. 11-13 (five dimensions); Discussion and Conclusion pp. 243-249 (§8.6 evaluation mostly qualitative, Turing tests for narrow corpora, conformance to learned style)","II.B.1, II.B.2, III.A",Printed page numbers not seen; researcher to check in the book,Framework for model differences
storkey2008,https://homepages.inf.ed.ac.uk/amos/publications/Storkey2009TrainingTestDifferent.pdf,2026-10-04 v4: author copy read; book chapter pp. 3-28 per Crossref,Not recorded,"§2 (conditions of use differ from development), §4 (types of shift), §5 (simple covariate shift; no effect for a correct conditional model, effect when the model class is misspecified)","II.B.1, II.D","Classification/regression framing; applying it to harmonization is the researcher's interpretation, stated as such",Theory for melody origin
pearce2002,https://doi.org/10.1177/102986490200600203,"2026-10-04 v4: author copy read (chromamorph.com, own pagination)",Not recorded,"Abstract; §6 Computational Modelling of Musical Styles: evaluation, Meredith's under- and overgeneration, acceptability algorithm",II.B.2,Journal pages 119-147; section cited instead of pages,Evaluation of AI music as style models
strube1928,references/The Theory and Use of Chords.pdf,2026-10-04 v4: scan OCR-ed again; Preface and p. 6 read as images,Not recorded,"Preface (harmonic function of chords; usage and taste, not inflexible laws; teacher's judgment); p. 6 (Tonic, Subdominant, Dominant; four-part writing)",II.B.3 grand theory,Preface has no printed page number,Grand theory sourced from Strube instead of Schoenberg
ridhwan2026,https://doi.org/10.24114/grenek.v15i1.71727,2026-10-04 v4: full PDF read,Not recorded,p. 81 (abstract: 200 articles 2021-2025; ~300% surge 2023-2024; AI changes how music theory is taught),"I.A, II.A.5",Bibliometric study of Google Scholar records; not about harmonization,Indonesian context
yang2020,https://link.springer.com/article/10.1007/s00521-018-3849-7,2026-10-04 v4: abstract read on the publisher page,Not recorded,Abstract,"I.A, II.A.3",Full text not read,Objective metrics as an alternative
lerch2025,https://doi.org/10.1145/3769106,2026-10-04 v4: abstract (OpenAlex),Not recorded,Abstract,"II.A.3, III.A",Full text not read,Taxonomy of evaluation
civit2022,https://doi.org/10.1016/j.eswa.2022.118190,2026-10-04 v4: abstract (OpenAlex) matches the sentence,Not recorded,Abstract,I.A,—,Context
mycka2025,https://doi.org/10.1007/s00521-024-10555-x,"2026-10-04 v4: abstract (OpenAlex); online 2024, volume 2025",Not recorded,Abstract,I.A,—,Context
louie2020,https://doi.org/10.1145/3313831.3376739,2026-10-04 v4: abstract,Not recorded,"Abstract (overwhelm, non-deterministic output; Voice Lanes; N=21)","I.A, II.A.5",—,Users
zacharakis2021,https://doi.org/10.3389/fpsyg.2021.603752,2026-10-04 v4: abstract,Not recorded,Abstract (novices appreciated support more),"I.A, II.A.5",—,Users
huang2020contest,https://doi.org/10.5281/zenodo.4245530,2026-10-04 v4: abstract,Not recorded,"Abstract (13 teams, 61 users; mass sampling and curation)",II.A.5,—,Users
koops2019,https://doi.org/10.1080/09298215.2019.1613436,"2026-10-04 v4: abstract; author names corrected (W. Bas de Haas, John Ashley Burgoyne)",Not recorded,"Abstract (4 annotators, 50 songs, 73% overlap, subjectivity ceiling)","II.A.4, II.B.3","Popular music, not chorales; stated in the text",Chord-dependent rules excluded
conditschultz2018,https://doi.org/10.5281/zenodo.1492344,2026-10-04 v4: abstract; pages 66-73 per OpenAlex,Not recorded,p. 66 (abstract),"I.A, II.A.4, II.B.3",—,Chord-dependent rules excluded
micchi2020,https://doi.org/10.5334/tismir.45,2026-10-04 v4: abstract,Not recorded,Abstract (full pitch spelling an absolute must),"II.A.4, II.B.3",—,Augmented second not measured
harrison2020,https://doi.org/10.1525/mp.2020.37.3.208,2026-10-04 v4: abstract,Not recorded,Abstract (features from Huron; 370 Bach chorales; voicer package),II.A.4,Full text not read,Feasibility of automatic voice-leading features
cuthbert2010,https://doi.org/10.5281/zenodo.1416113,2026-10-04 v4: metadata; pages 637-642 per OpenAlex,Not recorded,—,"I.A, II.A.4, III",Tool reference only,Parser and cross-check
wang2025,https://doi.org/10.24963/ijcai.2025/1134,2026-10-04 v4: abstract,Not recorded,Abstract (1.6M ABC pieces; period-composer-instrumentation prompts),"II.A.2, III.B",—,Exclusion of NotaGen
karystinaios2023,https://doi.org/10.24963/ijcai.2023/430,2026-10-04 v4: abstract,Not recorded,Abstract (voice separation incl. crossings and overlaps),III.C.6,—,Voice-mapping check
mehta2025,https://doi.org/10.18653/v1/2025.findings-naacl.258,2026-10-04 v4: abstract,Not recorded,Abstract (5.7% of dataset hours non-Western),III.A,—,Western-norm limitation
roberts2025,https://doi.org/10.1080/0144929x.2024.2402533,"2026-10-04 v4: abstract; online 2024, volume 2025",Not recorded,Abstract,III.A,—,Interdisciplinarity (F09)
holmes2020,https://doi.org/10.34293/education.v8i4.3232,2026-10-04 v4: abstract,Not recorded,Abstract,III.A,Qualitative-research guide applied to a quantitative study,Positionality (F09)
dwyer2009,https://doi.org/10.1177/160940690900800105,2026-10-04 v4: abstract,Not recorded,Abstract (space between insider and outsider),III.A,—,Positionality (F09)
jamieson2023,https://doi.org/10.1111/spc3.12735,2026-10-04 v4: abstract,Not recorded,Abstract (definition of reflexivity),III.A,—,Reflexivity (F09)
hodges1956,https://doi.org/10.1214/aoms/1177728261,2026-10-04 v4: Crossref metadata,Not recorded,—,III.B,Article not opened; 0.864 bound is the standard result,Sample-size rationale
cohen1988,,2026-10-04 v4: not opened (standard reference),Not recorded,—,III.B,Book not opened,Effect-size convention
creswell2018,,2026-10-04 v4: not opened,Not recorded,—,III.A,Definition page not recorded,Approach (F11)
sugiyono2019,,2026-10-04 v4: not opened,Not recorded,—,III.A,Edition and page not recorded,Experiment logic (F11)
leedy2018,,2026-10-04 v4: as cited in the department template,Not recorded,—,III.C.5,Book not opened,Validity and reliability definitions
rangkuti2016,,2026-10-04 v4: as cited in the department template,Not recorded,—,II.D,Book not opened,Hypothesis definition
