citation_key,source_url,assistant_verification_2026_09_28,researcher_read_status,relevant_page_or_section,claim_supported,limits_or_correction,design_decision
cuthbert2010,,Not verified in v3 preparation,Not recorded,,,Verify source identity and sentence-level support before final use.,
choi2023,,Not verified in v3 preparation,Not recorded,,,Verify source identity and sentence-level support before final use.,
fang2020,https://arxiv.org/html/2006.13329v3,Assistant inspected original paper,Not recorded,,,Weighted Wasserstein feature-distribution score; does not define the current Strube Score.,
ghoshal2026,,Not verified in v3 preparation,Not recorded,,,Verify source identity and sentence-level support before final use.,
hadjeres2017,https://proceedings.mlr.press/v70/hadjeres17a.html,Assistant verified publication page/abstract,Not recorded,,,Generation uses pseudo-Gibbs sampling; positional controls. Read architecture and controls in full paper.,
huang2017,https://archives.ismir.net/ismir2017/paper/000187.pdf,Assistant inspected original paper,Not recorded,,,Convolutional partial-score completion and blocked Gibbs. Check rule analysis and metric details.,
le2025,,Not verified in v3 preparation,Not recorded,,,Verify source identity and sentence-level support before final use.,
strube1928,https://opac.isi.ac.id/index.php?id=29353&p=show_detail,Assistant verified related 2015 translation catalog only,Not recorded,,,Obtain consulted edition and rule pages; catalog does not verify 1928 edition or rule wording.,
wang2025,https://arxiv.org/html/2502.18008v5,Assistant inspected original paper/abstract,Not recorded,,,ABC pretraining; classical fine-tuning; CLaMP-DPO; native period/composer/instrumentation prompts.,
harrison2020,,Not verified in v3 preparation,Not recorded,,,Verify source identity and sentence-level support before final use.,
yang2020,,Not verified in v3 preparation,Not recorded,,,Verify source identity and sentence-level support before final use.,
schoenberg1954,,Not verified in v3 preparation,Not recorded,,,Verify source identity and sentence-level support before final use.,
Ji2023,,Not verified in v3 preparation,Not recorded,,,Verify source identity and sentence-level support before final use.,
Zhou2024,,Not verified in v3 preparation,Not recorded,,,Verify source identity and sentence-level support before final use.,
Zhang2023,,Not verified in v3 preparation,Not recorded,,,Verify source identity and sentence-level support before final use.,
Chen2020,,Not verified in v3 preparation,Not recorded,,,Verify source identity and sentence-level support before final use.,
DeBerardinis2022,,Not verified in v3 preparation,Not recorded,,,Verify source identity and sentence-level support before final use.,
Retkowski2024,,Not verified in v3 preparation,Not recorded,,,Verify source identity and sentence-level support before final use.,
choi2020,,Not verified in v3 preparation,Not recorded,,,Verify source identity and sentence-level support before final use.,
briot2020,,Not verified in v3 preparation,Not recorded,,,Verify source identity and sentence-level support before final use.,
dong2020,,Not verified in v3 preparation,Not recorded,,,Verify source identity and sentence-level support before final use.,
wu2020,,Not verified in v3 preparation,Not recorded,,,Verify source identity and sentence-level support before final use.,
cuthbert2020,,Not verified in v3 preparation,Not recorded,,,Verify source identity and sentence-level support before final use.,
zeng2021,,Not verified in v3 preparation,Not recorded,,,Verify source identity and sentence-level support before final use.,
hsiao2021,,Not verified in v3 preparation,Not recorded,,,Verify source identity and sentence-level support before final use.,
sturm2020,,Not verified in v3 preparation,Not recorded,,,Verify source identity and sentence-level support before final use.,
