yan_category_id,category_translation_id,source_deduction_per_event,source_url,current_evaluator_mapping,operational_questions_proposed,measurement_route_proposed,fixed_soprano_implication_proposed,strube_edition_page,status
1,Penggandaan septim akor,-1,https://labsites.rochester.edu/air/projects/model0.md,Belum diimplementasikan,Identitas akor dan nada septim; bedakan nada non-akor,Penilaian manual; kandidat otomatis setelah analisis akor diperiksa,Tetap kandidat karena penggandaan melibatkan suara lain,,Candidate adaptation; not frozen or validated
2,Penggandaan nada penuntun,-1,https://labsites.rochester.edu/air/projects/model0.md,Belum diimplementasikan,Tonalitas lokal dan fungsi nada penuntun; tidak cukup satu pitch class global,Penilaian manual; kandidat otomatis setelah konteks tonal diperiksa,Tetap kandidat karena suara hasil AI dapat menggandakan nada pada soal,,Candidate adaptation; not frozen or validated
3,Paralel kuint atau oktaf antarsuara,-1,https://labsites.rochester.edu/air/projects/model0.md,P5 dan P8 ada tetapi definisi dan preprocessing perlu diperiksa,Pasangan suara; gerak; interval; nada yang masih berbunyi; unit kejadian,Program mencari kandidat; manusia memeriksa konteks dan kejadian yang terlewat,Relasi sopran dengan suara hasil AI tetap dinilai; pemisahan P5 dan P8 adalah rincian adaptasi,,Candidate adaptation; not frozen or validated
4,Resolusi septim akor yang tidak sesuai pada suatu suara,-1,https://labsites.rochester.edu/air/projects/model0.md,Belum diimplementasikan,Analisis akor; konteks perpindahan; penundaan resolusi dan pengecualian,Penilaian manual lebih dahulu,Suara tetap dibaca sebagai konteks; kejadian sepenuhnya dari soal dipisahkan,,Candidate adaptation; not frozen or validated
5,Resolusi nada penuntun sopran yang tidak sesuai,-1,https://labsites.rochester.edu/air/projects/model0.md,LT sopran ada tetapi pemeriksaannya terbatas dan belum setara rubrik,Tonalitas lokal; fungsi; arah dan waktu resolusi; pengecualian,Penilaian manual lebih dahulu; jangan memakai hasil lama sebagai acuan kebenaran,Bukan hasil utama AI ketika sopran sepenuhnya tetap; perpindahan ke suara lain memerlukan dasar baru,,Candidate adaptation; not frozen or validated
6,Progresi tidak sesuai gaya atau sintaks harmoni,-1,https://labsites.rochester.edu/air/projects/model0.md,Belum diimplementasikan,Fungsi akor; tonalitas lokal; tingkat harmoni; gaya dan pengecualian,Penilaian manual; memerlukan pedoman dan alasan tiap kejadian,Tetap kandidat tetapi cakupan progresi yang dipilih dibatasi oleh melodi soal,,Candidate adaptation; not frozen or validated
7,Akor tidak valid atau tidak tersusun secara tertian,-1,https://labsites.rochester.edu/air/projects/model0.md,Belum diimplementasikan,Identifikasi nada akor dan nada non-akor; suspensi; ejaan nada,Penilaian manual; hindari menandai setiap simultanitas disonan sebagai akor salah,Tetap kandidat; semua suara dibaca sebagai konteks,,Candidate adaptation; not frozen or validated
8,Sekon diperbesar pada melodi,-0.5,https://labsites.rochester.edu/air/projects/model0.md,Belum diimplementasikan,Ejaan nada diatonis; pitch MIDI saja tidak menentukan nama interval,Kandidat program jika ejaan dapat dipercaya; pemeriksaan manual jika ambigu,Kejadian pada sopran tetap dipisahkan; suara hasil AI tetap kandidat,,Candidate adaptation; not frozen or validated
9,Jarak melebihi oktaf antara S–A atau A–T,-0.5,https://labsites.rochester.edu/air/projects/model0.md,Belum diimplementasikan,Identitas suara dan simultanitas; rentang T–B tidak otomatis masuk kategori ini,Kandidat program setelah pemetaan suara dan timing diperiksa,Kedua pasangan melibatkan suara hasil AI,,Candidate adaptation; not frozen or validated
10,Persilangan suara,-0.5,https://labsites.rochester.edu/air/projects/model0.md,Belum diimplementasikan,Urutan register; simultanitas; unisono dan persilangan tidak disamakan,Kandidat program setelah definisi kejadian diperjelas,Tetap kandidat; pelanggaran relasi dengan sopran juga relevan,,Candidate adaptation; not frozen or validated
11,Tumpang tindih register suara antarwaktu,-0.5,https://labsites.rochester.edu/air/projects/model0.md,Belum diimplementasikan,Relasi register dengan kejadian sebelumnya; bedakan dari persilangan simultan,Kandidat program setelah definisi kejadian diperjelas,Tetap kandidat; semua relasi yang melibatkan suara hasil AI diaudit,,Candidate adaptation; not frozen or validated
